{"final/success":false,"_timestamp":1.7647705933506763e+09,"phase3/sps":230,"phase1/loss":0.09370691012194816,"phase3/eval_win_rate":0,"_wandb":{"runtime":3569},"phase3/win_rate":0,"_runtime":3569,"phase3/total_games":1272,"phase1/accuracy":0.9708666666666667,"phase3/global_step":778240,"current_phase":3,"phase3/learning_rate":9.23076923076923e-06,"phase3/loss_count":813,"phase3/value_loss":0.024135198444128036,"_step":62,"phase3/win_count":0,"phase3/draw_count":459,"phase3/entropy":0.2958638072013855,"phase3/eval_iteration":190,"phase3/clipfrac":0.04486083984375,"phase3/iteration":190,"phase1/dataset_size":30000,"phase3/policy_loss":-0.004473700188100338,"phase1/epoch":20,"final/win_rate":0}