{"_step":24,"phase3/draw_count":38,"phase3/entropy":0.7566330432891846,"_runtime":393,"phase1/dataset_size":30000,"phase3/loss_count":4384,"phase3/policy_loss":-0.05539855360984802,"phase3/iteration":10,"phase3/value_loss":0.004499242175370455,"phase1/epoch":20,"_wandb":{"runtime":393},"phase3/clipfrac":0.243011474609375,"phase3/sps":273,"phase1/loss":0.09370691012194816,"current_phase":3,"_timestamp":1.7647722436998336e+09,"phase3/total_games":4426,"phase3/learning_rate":0.00029654289372599225,"phase3/win_rate":0.0009037505648441031,"phase1/accuracy":0.9708666666666667,"phase3/win_count":4,"phase3/global_step":81920}