{"phase1/loss":0.09370691012194816,"_wandb":{"runtime":65},"_runtime":65,"_step":23,"current_phase":3,"phase1/dataset_size":30000,"_timestamp":1.764766992211512e+09,"phase1/epoch":20,"phase1/accuracy":0.9708666666666667}