{"phase3/learning_rate":7.682458386683577e-07,"_timestamp":1.7647981661328268e+09,"_wandb":{"runtime":25942},"phase1/dataset_size":30000,"phase3/draw_count":1736,"phase3/total_games":2484,"phase3/value_loss":0.0193113312125206,"phase1/epoch":20,"phase1/accuracy":0.9708666666666667,"phase3/win_rate":0,"phase3/eval_win_rate":0,"current_phase":3,"phase3/entropy":0.43338891863822937,"phase1/loss":0.09370691012194816,"phase3/clipfrac":0.052581787109375,"phase3/eval_iteration":780,"phase3/win_count":0,"phase3/iteration":780,"_runtime":25942,"_step":179,"phase3/loss_count":748,"phase3/policy_loss":0.0036911973729729652,"phase3/global_step":6389760,"phase3/sps":247}