{"_wandb":{"runtime":61},"phase1/dataset_size":30000,"phase1/epoch":20,"phase1/loss":0.09370691012194816,"_runtime":61,"current_phase":3,"phase1/accuracy":0.9708666666666667,"_timestamp":1.7647718494880033e+09,"_step":23}