{"phase1/epoch":3,"_runtime":14,"current_phase":1,"phase1/loss":1.793571194182051,"_wandb":{"runtime":14},"phase1/dataset_size":30000,"phase1/accuracy":0.4729,"_step":4,"_timestamp":1.7647717527458026e+09}